filename,label,contributor,saved_at
31_001.png,31,anonymous,2026-05-05 18:19:25
32_001.png,32,anonymous,2026-05-05 18:19:33
33_001.png,33,anonymous,2026-05-05 18:19:41
34_001.png,34,anonymous,2026-05-05 18:19:49
35_001.png,35,anonymous,2026-05-05 18:19:56
31_002.png,31,anonymous,2026-05-05 18:20:26
32_002.png,32,anonymous,2026-05-05 18:20:37
33_002.png,33,anonymous,2026-05-05 18:20:50
34_002.png,34,anonymous,2026-05-05 18:21:00
35_002.png,35,anonymous,2026-05-05 18:21:09
31_003.png,31,anonymous,2026-05-05 18:22:25
32_003.png,32,anonymous,2026-05-05 18:22:33
33_003.png,33,anonymous,2026-05-05 18:22:41
34_003.png,34,anonymous,2026-05-05 18:22:49
35_003.png,35,anonymous,2026-05-05 18:22:57
31_004.png,31,Tae param7,2026-05-05 18:31:59
32_004.png,32,Tae param7,2026-05-05 18:32:10
33_004.png,33,Tae param7,2026-05-05 18:32:16
34_004.png,34,Tae param7,2026-05-05 18:32:22
35_004.png,35,Tae param7,2026-05-05 18:32:29
31_005.png,31,anonymous,2026-05-05 18:45:50
32_005.png,32,anonymous,2026-05-05 18:45:59
33_005.png,33,anonymous,2026-05-05 18:46:06
34_005.png,34,anonymous,2026-05-05 18:46:14
35_005.png,35,anonymous,2026-05-05 18:46:21
31_006.png,31,anonymous,2026-05-05 18:47:50
32_006.png,32,anonymous,2026-05-05 18:47:58
33_006.png,33,anonymous,2026-05-05 18:48:08
34_006.png,34,anonymous,2026-05-05 18:48:15
35_006.png,35,anonymous,2026-05-05 18:48:34
31_007.png,31,anonymous,2026-05-05 18:49:21
32_007.png,32,anonymous,2026-05-05 18:49:29
33_007.png,33,anonymous,2026-05-05 18:49:35
34_007.png,34,anonymous,2026-05-05 18:49:55
35_007.png,35,anonymous,2026-05-05 18:50:02
31_008.png,31,anonymous,2026-05-05 18:50:09
32_008.png,32,anonymous,2026-05-05 18:50:15
33_008.png,33,anonymous,2026-05-05 18:50:21
34_008.png,34,anonymous,2026-05-05 18:50:28
35_008.png,35,anonymous,2026-05-05 18:50:46
31_009.png,31,anonymous,2026-05-05 18:52:28
32_009.png,32,anonymous,2026-05-05 18:52:43
33_009.png,33,anonymous,2026-05-05 18:52:52
34_009.png,34,anonymous,2026-05-05 18:53:00
35_009.png,35,anonymous,2026-05-05 18:53:13
31_010.png,31,anonymous,2026-05-05 18:53:31
32_010.png,32,anonymous,2026-05-05 18:53:40
33_010.png,33,anonymous,2026-05-05 18:53:53
34_010.png,34,anonymous,2026-05-05 18:54:01
35_010.png,35,anonymous,2026-05-05 18:54:13
31_011.png,31,มาร์ทฮ๊าฟฟู่ว,2026-05-06 07:26:52
32_011.png,32,มาร์ทฮ๊าฟฟู่ว,2026-05-06 07:27:02
33_011.png,33,มาร์ทฮ๊าฟฟู่ว,2026-05-06 07:27:28
34_011.png,34,มาร์ทฮ๊าฟฟู่ว,2026-05-06 07:27:38
35_011.png,35,มาร์ทฮ๊าฟฟู่ว,2026-05-06 07:27:45
34_012.png,34,anonymous,2026-05-06 07:34:49
31_012.png,31,anonymous,2026-05-06 07:35:18
34_013.png,34,PW,2026-05-06 07:35:21
34_014.png,34,anonymous,2026-05-06 07:35:56
35_012.png,35,anonymous,2026-05-06 07:36:18
31_013.png,31,anonymous,2026-05-06 07:37:18
33_012.png,33,anonymous,2026-05-06 07:37:23
31_014.png,31,anonymous,2026-05-06 07:37:25
31_015.png,31,หมาป่าเดียวดาย,2026-05-06 07:37:39
31_016.png,31,anonymous,2026-05-06 07:37:43
31_017.png,31,anonymous,2026-05-06 07:37:49
32_012.png,32,หมาป่าเดียวดาย,2026-05-06 07:37:50
31_018.png,31,anonymous,2026-05-06 07:37:55
31_019.png,31,anonymous,2026-05-06 07:37:59
33_013.png,33,หมาป่าเดียวดาย,2026-05-06 07:37:59
34_015.png,34,หมาป่าเดียวดาย,2026-05-06 07:38:09
32_013.png,32,anonymous,2026-05-06 07:38:19
35_013.png,35,หมาป่าเดียวดาย,2026-05-06 07:38:19
32_014.png,32,anonymous,2026-05-06 07:38:23
32_015.png,32,anonymous,2026-05-06 07:38:28
32_016.png,32,anonymous,2026-05-06 07:38:32
32_017.png,32,anonymous,2026-05-06 07:38:39
32_018.png,32,anonymous,2026-05-06 07:38:46
33_014.png,33,anonymous,2026-05-06 07:38:53
33_015.png,33,anonymous,2026-05-06 07:38:57
33_016.png,33,anonymous,2026-05-06 07:39:02
33_017.png,33,anonymous,2026-05-06 07:39:07
33_018.png,33,anonymous,2026-05-06 07:39:11
31_020.png,31,anonymous,2026-05-06 07:39:13
34_016.png,34,anonymous,2026-05-06 07:39:18
34_017.png,34,anonymous,2026-05-06 07:39:23
34_018.png,34,anonymous,2026-05-06 07:39:27
34_019.png,34,anonymous,2026-05-06 07:39:31
34_020.png,34,anonymous,2026-05-06 07:39:36
34_021.png,34,anonymous,2026-05-06 07:39:40
31_021.png,31,anonymous,2026-05-06 07:39:40
35_014.png,35,anonymous,2026-05-06 07:39:48
35_015.png,35,anonymous,2026-05-06 07:39:55
32_019.png,32,anonymous,2026-05-06 07:39:56
35_016.png,35,anonymous,2026-05-06 07:39:59
33_019.png,33,anonymous,2026-05-06 07:40:02
35_017.png,35,anonymous,2026-05-06 07:40:04
35_018.png,35,anonymous,2026-05-06 07:40:09
34_022.png,34,anonymous,2026-05-06 07:40:10
35_019.png,35,anonymous,2026-05-06 07:40:14
35_020.png,35,anonymous,2026-05-06 07:40:17
35_021.png,35,anonymous,2026-05-06 07:40:19
32_020.png,32,anonymous,2026-05-06 07:40:27
33_020.png,33,anonymous,2026-05-06 07:40:32
31_022.png,31,Palm,2026-05-06 07:41:37
32_021.png,32,Palm,2026-05-06 07:41:52
33_021.png,33,Palm,2026-05-06 07:42:57
34_023.png,34,Palm,2026-05-06 07:43:06
35_022.png,35,Palm,2026-05-06 07:43:15
33_022.png,33,นิดา,2026-05-06 07:58:17
31_023.png,31,anonymous,2026-05-06 08:10:39
31_024.png,31,anonymous,2026-05-06 08:11:39
32_022.png,32,anonymous,2026-05-06 08:12:19
33_023.png,33,anonymous,2026-05-06 08:12:45
34_024.png,34,anonymous,2026-05-06 08:13:15
35_023.png,35,anonymous,2026-05-06 08:13:40
31_025.png,31,anonymous,2026-05-06 08:15:40
32_023.png,32,anonymous,2026-05-06 08:15:54
33_024.png,33,anonymous,2026-05-06 08:16:00
34_025.png,34,anonymous,2026-05-06 08:16:07
35_024.png,35,anonymous,2026-05-06 08:16:14
31_026.png,31,anonymous,2026-05-06 08:24:55
32_024.png,32,anonymous,2026-05-06 08:25:17
33_025.png,33,anonymous,2026-05-06 08:25:32
34_026.png,34,anonymous,2026-05-06 08:25:57
35_025.png,35,anonymous,2026-05-06 08:26:51
31_027.png,31,anonymous,2026-05-06 08:29:28
32_025.png,32,anonymous,2026-05-06 08:30:04
33_026.png,33,anonymous,2026-05-06 08:30:24
34_027.png,34,anonymous,2026-05-06 08:30:43
35_026.png,35,anonymous,2026-05-06 08:30:56
31_028.png,31,anonymous,2026-05-06 08:37:57
32_026.png,32,anonymous,2026-05-06 08:38:48
33_027.png,33,anonymous,2026-05-06 08:39:22
34_028.png,34,anonymous,2026-05-06 08:39:50
35_027.png,35,anonymous,2026-05-06 08:40:13
31_029.png,31,Tadao love tim <3,2026-05-06 08:46:56
32_027.png,32,Tadao love tim <3,2026-05-06 08:47:07
33_028.png,33,Tadao love tim <3,2026-05-06 08:47:12
34_029.png,34,Tadao love tim <3,2026-05-06 08:47:19
35_028.png,35,Tadao love tim <3,2026-05-06 08:47:27
32_028.png,32,anonymous,2026-05-06 08:57:31
32_029.png,32,anonymous,2026-05-06 08:57:44
32_030.png,32,anonymous,2026-05-06 08:57:59
32_031.png,32,anonymous,2026-05-06 08:58:08
33_029.png,33,anonymous,2026-05-06 08:58:19
33_030.png,33,anonymous,2026-05-06 08:58:25
31_030.png,31,anonymous,2026-05-06 08:58:40
34_030.png,34,anonymous,2026-05-06 08:58:53
34_031.png,34,anonymous,2026-05-06 08:58:57
35_029.png,35,anonymous,2026-05-06 08:59:10
35_030.png,35,anonymous,2026-05-06 08:59:15
35_031.png,35,anonymous,2026-05-06 08:59:24
35_032.png,35,anonymous,2026-05-06 08:59:29
35_033.png,35,anonymous,2026-05-06 09:00:39
35_034.png,35,anonymous,2026-05-06 09:00:47
35_035.png,35,anonymous,2026-05-06 09:00:55
31_031.png,31,anonymous,2026-05-06 09:01:05
31_032.png,31,anonymous,2026-05-06 09:01:17
31_033.png,31,anonymous,2026-05-06 09:01:29
31_034.png,31,anonymous,2026-05-06 09:01:49
31_035.png,31,anonymous,2026-05-06 09:01:52
32_032.png,32,anonymous,2026-05-06 09:02:00
32_033.png,32,anonymous,2026-05-06 09:02:05
32_034.png,32,anonymous,2026-05-06 09:02:09
32_035.png,32,anonymous,2026-05-06 09:02:21
33_031.png,33,anonymous,2026-05-06 09:02:27
33_032.png,33,anonymous,2026-05-06 09:02:31
33_033.png,33,anonymous,2026-05-06 09:02:35
33_034.png,33,anonymous,2026-05-06 09:02:45
33_035.png,33,anonymous,2026-05-06 09:02:48
34_032.png,34,anonymous,2026-05-06 09:02:55
34_033.png,34,anonymous,2026-05-06 09:03:00
34_034.png,34,anonymous,2026-05-06 09:03:04
34_035.png,34,anonymous,2026-05-06 09:03:08
34_036.png,34,anonymous,2026-05-06 09:03:21
34_037.png,34,anonymous,2026-05-06 09:03:28
34_038.png,34,anonymous,2026-05-06 09:03:32
34_039.png,34,anonymous,2026-05-06 09:03:40
34_040.png,34,anonymous,2026-05-06 09:03:44
35_036.png,35,anonymous,2026-05-06 09:03:50
35_037.png,35,anonymous,2026-05-06 09:03:58
35_038.png,35,anonymous,2026-05-06 09:04:01
35_039.png,35,anonymous,2026-05-06 09:04:04
35_040.png,35,anonymous,2026-05-06 09:04:10
33_036.png,33,anonymous,2026-05-06 09:04:17
33_037.png,33,anonymous,2026-05-06 09:04:21
33_038.png,33,anonymous,2026-05-06 09:04:26
33_039.png,33,anonymous,2026-05-06 09:04:30
33_040.png,33,anonymous,2026-05-06 09:04:35
32_036.png,32,anonymous,2026-05-06 09:04:40
32_037.png,32,anonymous,2026-05-06 09:04:44
32_038.png,32,anonymous,2026-05-06 09:04:55
32_039.png,32,anonymous,2026-05-06 09:04:59
32_040.png,32,anonymous,2026-05-06 09:05:03
31_036.png,31,anonymous,2026-05-06 09:05:10
31_037.png,31,anonymous,2026-05-06 09:05:12
31_038.png,31,anonymous,2026-05-06 09:05:17
31_039.png,31,anonymous,2026-05-06 09:05:26
31_040.png,31,anonymous,2026-05-06 09:05:30
31_041.png,31,anonymous,2026-05-06 09:05:35
31_042.png,31,anonymous,2026-05-06 09:05:48
31_043.png,31,anonymous,2026-05-06 09:05:52
31_044.png,31,anonymous,2026-05-06 09:05:57
31_045.png,31,anonymous,2026-05-06 09:06:00
31_046.png,31,anonymous,2026-05-06 09:06:07
31_047.png,31,anonymous,2026-05-06 09:06:11
31_048.png,31,anonymous,2026-05-06 09:06:16
31_049.png,31,anonymous,2026-05-06 09:06:24
31_050.png,31,anonymous,2026-05-06 09:06:27
32_041.png,32,anonymous,2026-05-06 09:06:35
32_042.png,32,anonymous,2026-05-06 09:06:38
32_043.png,32,anonymous,2026-05-06 09:06:42
32_044.png,32,anonymous,2026-05-06 09:06:47
32_045.png,32,anonymous,2026-05-06 09:06:50
32_046.png,32,anonymous,2026-05-06 09:06:54
32_047.png,32,anonymous,2026-05-06 09:06:59
32_048.png,32,anonymous,2026-05-06 09:07:03
32_049.png,32,anonymous,2026-05-06 09:07:08
32_050.png,32,anonymous,2026-05-06 09:07:15
33_041.png,33,anonymous,2026-05-06 09:07:21
33_042.png,33,anonymous,2026-05-06 09:07:25
33_043.png,33,anonymous,2026-05-06 09:07:28
33_044.png,33,anonymous,2026-05-06 09:07:32
33_045.png,33,anonymous,2026-05-06 09:07:35
33_046.png,33,anonymous,2026-05-06 09:07:41
33_047.png,33,anonymous,2026-05-06 09:07:45
33_048.png,33,anonymous,2026-05-06 09:07:49
33_049.png,33,anonymous,2026-05-06 09:07:53
33_050.png,33,anonymous,2026-05-06 09:08:00
34_041.png,34,anonymous,2026-05-06 09:08:29
34_042.png,34,anonymous,2026-05-06 09:08:33
34_043.png,34,anonymous,2026-05-06 09:08:37
34_044.png,34,anonymous,2026-05-06 09:08:41
34_045.png,34,anonymous,2026-05-06 09:08:45
34_046.png,34,anonymous,2026-05-06 09:08:48
34_047.png,34,anonymous,2026-05-06 09:08:51
34_048.png,34,anonymous,2026-05-06 09:08:55
34_049.png,34,anonymous,2026-05-06 09:08:58
34_050.png,34,anonymous,2026-05-06 09:09:02
34_051.png,34,anonymous,2026-05-06 09:09:06
35_041.png,35,anonymous,2026-05-06 09:09:12
35_042.png,35,anonymous,2026-05-06 09:09:17
35_043.png,35,anonymous,2026-05-06 09:09:21
31_051.png,31,anonymous,2026-05-06 09:09:25
35_044.png,35,anonymous,2026-05-06 09:09:26
35_045.png,35,anonymous,2026-05-06 09:09:31
32_051.png,32,anonymous,2026-05-06 09:09:41
35_046.png,35,anonymous,2026-05-06 09:09:42
35_047.png,35,anonymous,2026-05-06 09:09:46
35_048.png,35,anonymous,2026-05-06 09:09:52
33_051.png,33,anonymous,2026-05-06 09:09:55
35_049.png,35,anonymous,2026-05-06 09:09:58
35_050.png,35,anonymous,2026-05-06 09:10:04
35_051.png,35,anonymous,2026-05-06 09:10:10
34_052.png,34,anonymous,2026-05-06 09:10:11
31_052.png,31,anonymous,2026-05-06 09:10:21
35_052.png,35,anonymous,2026-05-06 09:10:24
31_053.png,31,anonymous,2026-05-06 09:10:26
31_054.png,31,anonymous,2026-05-06 09:10:35
32_052.png,32,anonymous,2026-05-06 09:10:43
33_052.png,33,anonymous,2026-05-06 09:10:50
34_053.png,34,anonymous,2026-05-06 09:10:57
34_054.png,34,anonymous,2026-05-06 09:11:02
34_055.png,34,anonymous,2026-05-06 09:11:06
35_053.png,35,anonymous,2026-05-06 09:11:12
35_054.png,35,anonymous,2026-05-06 09:11:17
35_055.png,35,anonymous,2026-05-06 09:11:21
33_053.png,33,anonymous,2026-05-06 09:11:27
33_054.png,33,anonymous,2026-05-06 09:11:31
33_055.png,33,anonymous,2026-05-06 09:11:35
32_053.png,32,anonymous,2026-05-06 09:11:42
32_054.png,32,anonymous,2026-05-06 09:11:45
32_055.png,32,anonymous,2026-05-06 09:11:49
31_055.png,31,anonymous,2026-05-06 09:11:55
31_056.png,31,anonymous,2026-05-06 09:11:58
31_057.png,31,anonymous,2026-05-06 09:12:01
31_058.png,31,anonymous,2026-05-06 09:12:05
31_059.png,31,anonymous,2026-05-06 09:12:08
31_060.png,31,anonymous,2026-05-06 09:12:12
32_056.png,32,anonymous,2026-05-06 09:12:17
32_057.png,32,anonymous,2026-05-06 09:12:22
32_058.png,32,anonymous,2026-05-06 09:12:26
32_059.png,32,anonymous,2026-05-06 09:12:30
32_060.png,32,anonymous,2026-05-06 09:12:33
33_056.png,33,anonymous,2026-05-06 09:12:39
33_057.png,33,anonymous,2026-05-06 09:12:44
33_058.png,33,anonymous,2026-05-06 09:12:48
33_059.png,33,anonymous,2026-05-06 09:12:52
33_060.png,33,anonymous,2026-05-06 09:12:57
32_061.png,32,anonymous,2026-05-06 09:13:02
34_056.png,34,anonymous,2026-05-06 09:13:02
34_057.png,34,anonymous,2026-05-06 09:13:07
34_058.png,34,anonymous,2026-05-06 09:13:13
34_059.png,34,anonymous,2026-05-06 09:13:21
34_060.png,34,anonymous,2026-05-06 09:13:25
35_056.png,35,anonymous,2026-05-06 09:13:31
35_057.png,35,anonymous,2026-05-06 09:13:34
35_058.png,35,anonymous,2026-05-06 09:13:38
35_059.png,35,anonymous,2026-05-06 09:13:42
35_060.png,35,anonymous,2026-05-06 09:13:48
31_061.png,31,anonymous,2026-05-06 09:14:54
31_062.png,31,anonymous,2026-05-06 09:14:58
31_063.png,31,anonymous,2026-05-06 09:15:01
31_064.png,31,anonymous,2026-05-06 09:15:05
31_065.png,31,anonymous,2026-05-06 09:15:09
31_066.png,31,anonymous,2026-05-06 09:15:15
31_067.png,31,anonymous,2026-05-06 09:15:19
31_068.png,31,anonymous,2026-05-06 09:15:22
31_069.png,31,anonymous,2026-05-06 09:15:25
31_070.png,31,anonymous,2026-05-06 09:15:28
31_071.png,31,anonymous,2026-05-06 09:15:32
31_072.png,31,anonymous,2026-05-06 09:15:36
31_073.png,31,anonymous,2026-05-06 09:15:39
31_074.png,31,anonymous,2026-05-06 09:15:42
31_075.png,31,anonymous,2026-05-06 09:15:45
31_076.png,31,anonymous,2026-05-06 09:15:48
31_077.png,31,anonymous,2026-05-06 09:15:51
31_078.png,31,anonymous,2026-05-06 09:15:55
31_079.png,31,anonymous,2026-05-06 09:15:57
31_080.png,31,anonymous,2026-05-06 09:16:01
31_081.png,31,anonymous,2026-05-06 09:16:08
31_082.png,31,anonymous,2026-05-06 09:16:11
31_083.png,31,anonymous,2026-05-06 09:16:14
31_084.png,31,anonymous,2026-05-06 09:16:18
31_085.png,31,anonymous,2026-05-06 09:16:21
31_086.png,31,anonymous,2026-05-06 09:16:24
31_087.png,31,anonymous,2026-05-06 09:16:27
31_088.png,31,anonymous,2026-05-06 09:16:30
31_089.png,31,anonymous,2026-05-06 09:16:34
31_090.png,31,anonymous,2026-05-06 09:16:37
31_091.png,31,anonymous,2026-05-06 09:16:40
31_092.png,31,anonymous,2026-05-06 09:16:43
31_093.png,31,anonymous,2026-05-06 09:16:47
31_094.png,31,anonymous,2026-05-06 09:16:53
31_095.png,31,anonymous,2026-05-06 09:16:59
31_096.png,31,anonymous,2026-05-06 09:17:01
31_097.png,31,anonymous,2026-05-06 09:17:05
31_098.png,31,anonymous,2026-05-06 09:17:08
31_099.png,31,anonymous,2026-05-06 09:17:11
31_100.png,31,anonymous,2026-05-06 09:17:15
32_062.png,32,anonymous,2026-05-06 09:17:20
32_063.png,32,anonymous,2026-05-06 09:17:25
32_064.png,32,anonymous,2026-05-06 09:17:28
32_065.png,32,anonymous,2026-05-06 09:17:32
32_066.png,32,anonymous,2026-05-06 09:17:36
32_067.png,32,anonymous,2026-05-06 09:17:40
32_068.png,32,anonymous,2026-05-06 09:17:43
32_069.png,32,anonymous,2026-05-06 09:17:48
32_070.png,32,anonymous,2026-05-06 09:17:52
32_071.png,32,anonymous,2026-05-06 09:17:56
32_072.png,32,anonymous,2026-05-06 09:18:00
32_073.png,32,anonymous,2026-05-06 09:18:07
32_074.png,32,anonymous,2026-05-06 09:18:11
32_075.png,32,anonymous,2026-05-06 09:18:14
32_076.png,32,anonymous,2026-05-06 09:18:15
32_077.png,32,anonymous,2026-05-06 09:18:18
32_078.png,32,anonymous,2026-05-06 09:18:25
32_079.png,32,anonymous,2026-05-06 09:18:27
32_080.png,32,anonymous,2026-05-06 09:18:31
32_081.png,32,anonymous,2026-05-06 09:18:34
32_082.png,32,anonymous,2026-05-06 09:18:38
32_083.png,32,anonymous,2026-05-06 09:18:43
32_084.png,32,anonymous,2026-05-06 09:18:46
33_061.png,33,anonymous,2026-05-06 09:18:49
32_085.png,32,anonymous,2026-05-06 09:18:50
32_086.png,32,anonymous,2026-05-06 09:18:53
32_087.png,32,anonymous,2026-05-06 09:18:59
32_088.png,32,anonymous,2026-05-06 09:19:02
32_089.png,32,anonymous,2026-05-06 09:19:07
32_090.png,32,anonymous,2026-05-06 09:19:11
33_062.png,33,anonymous,2026-05-06 09:19:13
32_091.png,32,anonymous,2026-05-06 09:19:17
32_092.png,32,anonymous,2026-05-06 09:19:21
32_093.png,32,anonymous,2026-05-06 09:19:25
33_063.png,33,anonymous,2026-05-06 09:19:29
32_094.png,32,anonymous,2026-05-06 09:19:32
32_095.png,32,anonymous,2026-05-06 09:19:37
32_096.png,32,anonymous,2026-05-06 09:19:43
33_064.png,33,anonymous,2026-05-06 09:19:44
32_097.png,32,anonymous,2026-05-06 09:19:48
33_065.png,33,anonymous,2026-05-06 09:19:51
32_098.png,32,anonymous,2026-05-06 09:19:53
32_099.png,32,anonymous,2026-05-06 09:19:58
32_100.png,32,anonymous,2026-05-06 09:20:03
33_066.png,33,anonymous,2026-05-06 09:20:09
34_061.png,34,anonymous,2026-05-06 09:20:12
34_062.png,34,anonymous,2026-05-06 09:20:17
34_063.png,34,anonymous,2026-05-06 09:20:20
34_064.png,34,anonymous,2026-05-06 09:20:24
33_067.png,33,anonymous,2026-05-06 09:20:26
34_065.png,34,anonymous,2026-05-06 09:20:28
34_066.png,34,anonymous,2026-05-06 09:20:33
33_068.png,33,anonymous,2026-05-06 09:20:33
34_067.png,34,anonymous,2026-05-06 09:20:36
34_068.png,34,anonymous,2026-05-06 09:20:39
33_069.png,33,anonymous,2026-05-06 09:20:41
34_069.png,34,anonymous,2026-05-06 09:20:42
34_070.png,34,anonymous,2026-05-06 09:20:45
33_070.png,33,anonymous,2026-05-06 09:20:48
34_071.png,34,anonymous,2026-05-06 09:20:49
34_072.png,34,anonymous,2026-05-06 09:20:53
34_073.png,34,anonymous,2026-05-06 09:20:58
34_074.png,34,anonymous,2026-05-06 09:21:02
34_075.png,34,anonymous,2026-05-06 09:21:05
34_076.png,34,anonymous,2026-05-06 09:21:09
34_077.png,34,anonymous,2026-05-06 09:21:13
34_078.png,34,anonymous,2026-05-06 09:21:18
34_079.png,34,anonymous,2026-05-06 09:21:21
34_080.png,34,anonymous,2026-05-06 09:21:28
34_081.png,34,anonymous,2026-05-06 09:21:30
34_082.png,34,anonymous,2026-05-06 09:21:34
34_083.png,34,anonymous,2026-05-06 09:21:39
34_084.png,34,anonymous,2026-05-06 09:21:42
34_085.png,34,anonymous,2026-05-06 09:21:46
34_086.png,34,anonymous,2026-05-06 09:21:49
34_087.png,34,anonymous,2026-05-06 09:21:53
34_088.png,34,anonymous,2026-05-06 09:21:57
34_089.png,34,anonymous,2026-05-06 09:22:00
34_090.png,34,anonymous,2026-05-06 09:22:03
34_091.png,34,anonymous,2026-05-06 09:22:07
34_092.png,34,anonymous,2026-05-06 09:22:10
34_093.png,34,anonymous,2026-05-06 09:22:13
34_094.png,34,anonymous,2026-05-06 09:22:16
34_095.png,34,anonymous,2026-05-06 09:22:19
34_096.png,34,anonymous,2026-05-06 09:22:34
34_097.png,34,anonymous,2026-05-06 09:23:16
34_098.png,34,anonymous,2026-05-06 09:23:22
34_099.png,34,anonymous,2026-05-06 09:23:27
34_100.png,34,anonymous,2026-05-06 09:23:31
33_071.png,33,anonymous,2026-05-06 09:23:38
33_072.png,33,anonymous,2026-05-06 09:23:41
33_073.png,33,anonymous,2026-05-06 09:23:44
33_074.png,33,anonymous,2026-05-06 09:23:49
33_075.png,33,anonymous,2026-05-06 09:23:52
33_076.png,33,anonymous,2026-05-06 09:23:55
33_077.png,33,anonymous,2026-05-06 09:23:58
33_078.png,33,anonymous,2026-05-06 09:24:02
33_079.png,33,anonymous,2026-05-06 09:24:07
33_080.png,33,anonymous,2026-05-06 09:24:11
33_081.png,33,anonymous,2026-05-06 09:24:14
33_082.png,33,anonymous,2026-05-06 09:24:17
33_083.png,33,anonymous,2026-05-06 09:24:21
33_084.png,33,anonymous,2026-05-06 09:24:28
33_085.png,33,anonymous,2026-05-06 09:24:31
33_086.png,33,anonymous,2026-05-06 09:24:34
33_087.png,33,anonymous,2026-05-06 09:24:37
33_088.png,33,anonymous,2026-05-06 09:24:41
33_089.png,33,anonymous,2026-05-06 09:24:45
33_090.png,33,anonymous,2026-05-06 09:24:49
31_101.png,31,anonymous,2026-05-06 09:24:53
33_091.png,33,anonymous,2026-05-06 09:24:54
33_092.png,33,anonymous,2026-05-06 09:24:58
35_061.png,35,anonymous,2026-05-06 09:25:09
33_093.png,33,anonymous,2026-05-06 09:25:13
31_102.png,31,Pluem,2026-05-06 09:25:13
35_062.png,35,anonymous,2026-05-06 09:25:16
33_094.png,33,anonymous,2026-05-06 09:25:17
33_095.png,33,anonymous,2026-05-06 09:25:22
35_063.png,35,anonymous,2026-05-06 09:25:23
33_096.png,33,anonymous,2026-05-06 09:25:26
33_097.png,33,anonymous,2026-05-06 09:25:30
35_064.png,35,anonymous,2026-05-06 09:25:30
33_098.png,33,anonymous,2026-05-06 09:25:33
33_099.png,33,anonymous,2026-05-06 09:25:37
32_101.png,32,Pluem,2026-05-06 09:25:40
33_100.png,33,anonymous,2026-05-06 09:25:41
35_065.png,35,anonymous,2026-05-06 09:25:46
35_066.png,35,anonymous,2026-05-06 09:25:50
35_067.png,35,anonymous,2026-05-06 09:25:52
35_068.png,35,anonymous,2026-05-06 09:25:53
35_069.png,35,anonymous,2026-05-06 09:25:57
35_070.png,35,anonymous,2026-05-06 09:25:58
33_101.png,33,Pluem,2026-05-06 09:25:58
35_071.png,35,anonymous,2026-05-06 09:26:00
35_072.png,35,anonymous,2026-05-06 09:26:05
35_073.png,35,anonymous,2026-05-06 09:26:05
35_074.png,35,anonymous,2026-05-06 09:26:11
35_075.png,35,anonymous,2026-05-06 09:26:11
35_076.png,35,anonymous,2026-05-06 09:26:14
34_101.png,34,Pluem,2026-05-06 09:26:17
35_077.png,35,anonymous,2026-05-06 09:26:18
35_078.png,35,anonymous,2026-05-06 09:26:23
35_079.png,35,anonymous,2026-05-06 09:26:24
35_080.png,35,Pluem,2026-05-06 09:26:29
35_081.png,35,anonymous,2026-05-06 09:26:29
35_082.png,35,anonymous,2026-05-06 09:26:31
35_083.png,35,anonymous,2026-05-06 09:26:42
35_084.png,35,anonymous,2026-05-06 09:26:50
35_085.png,35,anonymous,2026-05-06 09:26:55
35_086.png,35,anonymous,2026-05-06 09:27:06
35_087.png,35,anonymous,2026-05-06 09:27:12
35_088.png,35,anonymous,2026-05-06 09:27:21
35_089.png,35,anonymous,2026-05-06 09:27:28
35_090.png,35,anonymous,2026-05-06 09:27:35
35_091.png,35,anonymous,2026-05-06 09:27:40
35_092.png,35,anonymous,2026-05-06 09:27:46
35_093.png,35,anonymous,2026-05-06 09:27:49
35_094.png,35,anonymous,2026-05-06 09:27:53
35_095.png,35,anonymous,2026-05-06 09:27:57
35_096.png,35,anonymous,2026-05-06 09:27:59
35_097.png,35,anonymous,2026-05-06 09:28:02
35_098.png,35,anonymous,2026-05-06 09:28:05
35_099.png,35,anonymous,2026-05-06 09:28:05
35_100.png,35,anonymous,2026-05-06 09:28:09
35_101.png,35,anonymous,2026-05-06 09:28:14
33_102.png,33,anonymous,2026-05-06 09:49:05
34_102.png,34,anonymous,2026-05-06 09:49:15
35_102.png,35,anonymous,2026-05-06 09:49:22
31_103.png,31,anonymous,2026-05-06 09:49:48
32_102.png,32,anonymous,2026-05-06 09:49:59
33_103.png,33,anonymous,2026-05-06 09:50:10
34_103.png,34,anonymous,2026-05-06 09:50:18
35_103.png,35,anonymous,2026-05-06 09:50:27
31_104.png,31,anonymous,2026-05-06 09:50:34
31_105.png,31,jay,2026-05-06 09:51:10
32_103.png,32,jay,2026-05-06 09:51:22
32_104.png,32,jay,2026-05-06 09:51:27
33_104.png,33,jay,2026-05-06 09:51:33
34_104.png,34,jay,2026-05-06 09:51:40
35_104.png,35,jay,2026-05-06 09:51:47
35_105.png,35,jay,2026-05-06 09:51:53
34_105.png,34,jay,2026-05-06 09:52:01
34_106.png,34,jay,2026-05-06 09:52:25
35_106.png,35,jay,2026-05-06 09:52:43
31_106.png,31,anonymous,2026-05-06 09:52:44
32_105.png,32,anonymous,2026-05-06 09:52:58
33_105.png,33,anonymous,2026-05-06 09:53:08
34_107.png,34,anonymous,2026-05-06 09:53:17
35_107.png,35,anonymous,2026-05-06 09:53:26
31_107.png,31,anonymous,2026-05-06 10:00:32
32_106.png,32,anonymous,2026-05-06 10:00:45
32_107.png,32,anonymous,2026-05-06 10:01:01
33_106.png,33,anonymous,2026-05-06 10:01:25
33_107.png,33,anonymous,2026-05-06 10:01:31
31_108.png,31,anonymous,2026-05-06 10:12:41
32_108.png,32,anonymous,2026-05-06 10:12:48
33_108.png,33,anonymous,2026-05-06 10:12:55
34_108.png,34,anonymous,2026-05-06 10:13:03
35_108.png,35,anonymous,2026-05-06 10:13:09
31_109.png,31,anonymous,2026-05-06 10:13:25
32_109.png,32,anonymous,2026-05-06 10:13:32
33_109.png,33,anonymous,2026-05-06 10:13:39
34_109.png,34,anonymous,2026-05-06 10:13:44
35_109.png,35,anonymous,2026-05-06 10:13:50
31_110.png,31,anonymous,2026-05-06 10:14:13
32_110.png,32,anonymous,2026-05-06 10:14:20
33_110.png,33,anonymous,2026-05-06 10:14:25
34_110.png,34,anonymous,2026-05-06 10:14:31
35_110.png,35,anonymous,2026-05-06 10:14:37
31_111.png,31,anonymous,2026-05-06 10:19:45
31_112.png,31,anonymous,2026-05-06 10:19:57
33_111.png,33,anonymous,2026-05-06 10:20:21
33_112.png,33,anonymous,2026-05-06 10:20:26
33_113.png,33,anonymous,2026-05-06 10:20:31
33_114.png,33,anonymous,2026-05-06 10:20:36
33_115.png,33,anonymous,2026-05-06 10:20:40
33_116.png,33,anonymous,2026-05-06 10:20:44
33_117.png,33,anonymous,2026-05-06 10:20:50
33_118.png,33,anonymous,2026-05-06 10:20:53
33_119.png,33,anonymous,2026-05-06 10:21:00
33_120.png,33,anonymous,2026-05-06 10:21:03
33_121.png,33,anonymous,2026-05-06 10:21:07
33_122.png,33,anonymous,2026-05-06 10:21:10
33_123.png,33,anonymous,2026-05-06 10:21:14
33_124.png,33,anonymous,2026-05-06 10:21:21
33_125.png,33,anonymous,2026-05-06 10:21:26
33_126.png,33,anonymous,2026-05-06 10:21:29
33_127.png,33,anonymous,2026-05-06 10:21:33
33_128.png,33,anonymous,2026-05-06 10:21:37
33_129.png,33,anonymous,2026-05-06 10:21:45
33_130.png,33,anonymous,2026-05-06 10:21:49
33_131.png,33,anonymous,2026-05-06 10:21:56
33_132.png,33,anonymous,2026-05-06 10:22:00
33_133.png,33,anonymous,2026-05-06 10:22:03
33_134.png,33,anonymous,2026-05-06 10:22:13
33_135.png,33,anonymous,2026-05-06 10:22:19
33_136.png,33,anonymous,2026-05-06 10:22:24
33_137.png,33,anonymous,2026-05-06 10:22:27
33_138.png,33,anonymous,2026-05-06 10:22:31
33_139.png,33,anonymous,2026-05-06 10:22:35
33_140.png,33,anonymous,2026-05-06 10:22:38
33_141.png,33,anonymous,2026-05-06 10:22:41
33_142.png,33,anonymous,2026-05-06 10:22:45
33_143.png,33,anonymous,2026-05-06 10:22:49
33_144.png,33,anonymous,2026-05-06 10:22:52
33_145.png,33,anonymous,2026-05-06 10:22:57
33_146.png,33,anonymous,2026-05-06 10:23:14
33_147.png,33,anonymous,2026-05-06 10:23:17
33_148.png,33,anonymous,2026-05-06 10:23:21
33_149.png,33,anonymous,2026-05-06 10:23:24
33_150.png,33,anonymous,2026-05-06 10:23:28
33_151.png,33,anonymous,2026-05-06 10:23:32
33_152.png,33,anonymous,2026-05-06 10:23:35
33_153.png,33,anonymous,2026-05-06 10:23:44
33_154.png,33,anonymous,2026-05-06 10:23:47
33_155.png,33,anonymous,2026-05-06 10:23:51
33_156.png,33,anonymous,2026-05-06 10:23:54
33_157.png,33,anonymous,2026-05-06 10:23:57
33_158.png,33,anonymous,2026-05-06 10:24:01
33_159.png,33,anonymous,2026-05-06 10:24:05
34_111.png,34,anonymous,2026-05-06 10:24:19
34_112.png,34,anonymous,2026-05-06 10:24:22
34_113.png,34,anonymous,2026-05-06 10:24:28
34_114.png,34,anonymous,2026-05-06 10:24:31
34_115.png,34,anonymous,2026-05-06 10:24:35
34_116.png,34,anonymous,2026-05-06 10:24:38
34_117.png,34,anonymous,2026-05-06 10:24:40
34_118.png,34,anonymous,2026-05-06 10:24:44
34_119.png,34,anonymous,2026-05-06 10:24:47
34_120.png,34,anonymous,2026-05-06 10:24:50
34_121.png,34,anonymous,2026-05-06 10:24:53
34_122.png,34,anonymous,2026-05-06 10:24:57
34_123.png,34,anonymous,2026-05-06 10:24:59
34_124.png,34,anonymous,2026-05-06 10:25:02
34_125.png,34,anonymous,2026-05-06 10:25:05
31_113.png,31,anonymous,2026-05-06 10:25:06
34_126.png,34,anonymous,2026-05-06 10:25:08
31_114.png,31,anonymous,2026-05-06 10:25:10
34_127.png,34,anonymous,2026-05-06 10:25:11
31_115.png,31,anonymous,2026-05-06 10:25:13
34_128.png,34,anonymous,2026-05-06 10:25:14
34_129.png,34,anonymous,2026-05-06 10:25:17
34_130.png,34,anonymous,2026-05-06 10:25:20
34_131.png,34,anonymous,2026-05-06 10:25:23
34_132.png,34,anonymous,2026-05-06 10:25:26
34_133.png,34,anonymous,2026-05-06 10:25:29
31_116.png,31,anonymous,2026-05-06 10:25:31
34_134.png,34,anonymous,2026-05-06 10:25:32
31_117.png,31,anonymous,2026-05-06 10:25:34
34_135.png,34,anonymous,2026-05-06 10:25:35
31_118.png,31,anonymous,2026-05-06 10:25:38
34_136.png,34,anonymous,2026-05-06 10:25:38
31_119.png,31,anonymous,2026-05-06 10:25:41
34_137.png,34,anonymous,2026-05-06 10:25:42
31_120.png,31,anonymous,2026-05-06 10:25:45
34_138.png,34,anonymous,2026-05-06 10:25:45
31_121.png,31,anonymous,2026-05-06 10:25:48
34_139.png,34,anonymous,2026-05-06 10:25:48
34_140.png,34,anonymous,2026-05-06 10:25:51
31_122.png,31,anonymous,2026-05-06 10:25:53
34_141.png,34,anonymous,2026-05-06 10:25:54
31_123.png,31,anonymous,2026-05-06 10:25:57
34_142.png,34,anonymous,2026-05-06 10:25:57
34_143.png,34,anonymous,2026-05-06 10:26:00
31_124.png,31,anonymous,2026-05-06 10:26:00
34_144.png,34,anonymous,2026-05-06 10:26:02
31_125.png,31,anonymous,2026-05-06 10:26:05
34_145.png,34,anonymous,2026-05-06 10:26:06
31_126.png,31,anonymous,2026-05-06 10:26:08
34_146.png,34,anonymous,2026-05-06 10:26:09
34_147.png,34,anonymous,2026-05-06 10:26:12
31_127.png,31,anonymous,2026-05-06 10:26:12
34_148.png,34,anonymous,2026-05-06 10:26:15
31_128.png,31,anonymous,2026-05-06 10:26:16
34_149.png,34,anonymous,2026-05-06 10:26:18
34_150.png,34,anonymous,2026-05-06 10:26:21
34_151.png,34,anonymous,2026-05-06 10:26:24
34_152.png,34,anonymous,2026-05-06 10:26:28
31_129.png,31,anonymous,2026-05-06 10:26:29
34_153.png,34,anonymous,2026-05-06 10:26:32
31_130.png,31,anonymous,2026-05-06 10:26:33
34_154.png,34,anonymous,2026-05-06 10:26:35
31_131.png,31,anonymous,2026-05-06 10:26:37
34_155.png,34,anonymous,2026-05-06 10:26:40
31_132.png,31,anonymous,2026-05-06 10:26:41
31_133.png,31,anonymous,2026-05-06 10:26:44
34_156.png,34,anonymous,2026-05-06 10:26:45
34_157.png,34,anonymous,2026-05-06 10:26:48
31_134.png,31,anonymous,2026-05-06 10:26:49
34_158.png,34,anonymous,2026-05-06 10:26:50
31_135.png,31,anonymous,2026-05-06 10:26:53
34_159.png,34,anonymous,2026-05-06 10:26:53
34_160.png,34,anonymous,2026-05-06 10:26:56
31_136.png,31,anonymous,2026-05-06 10:26:58
34_161.png,34,anonymous,2026-05-06 10:26:59
34_162.png,34,anonymous,2026-05-06 10:27:02
34_163.png,34,anonymous,2026-05-06 10:27:05
31_137.png,31,anonymous,2026-05-06 10:27:06
34_164.png,34,anonymous,2026-05-06 10:27:08
34_165.png,34,anonymous,2026-05-06 10:27:11
31_138.png,31,anonymous,2026-05-06 10:27:11
34_166.png,34,anonymous,2026-05-06 10:27:14
31_139.png,31,anonymous,2026-05-06 10:27:16
34_167.png,34,anonymous,2026-05-06 10:27:17
34_168.png,34,anonymous,2026-05-06 10:27:20
31_140.png,31,anonymous,2026-05-06 10:27:22
34_169.png,34,anonymous,2026-05-06 10:27:24
34_170.png,34,anonymous,2026-05-06 10:27:26
31_141.png,31,anonymous,2026-05-06 10:27:28
34_171.png,34,anonymous,2026-05-06 10:27:31
34_172.png,34,anonymous,2026-05-06 10:27:34
34_173.png,34,anonymous,2026-05-06 10:27:36
34_174.png,34,anonymous,2026-05-06 10:27:40
31_142.png,31,anonymous,2026-05-06 10:27:42
31_143.png,31,anonymous,2026-05-06 10:27:46
31_144.png,31,anonymous,2026-05-06 10:27:53
34_175.png,34,anonymous,2026-05-06 10:28:00
31_145.png,31,anonymous,2026-05-06 10:28:01
34_176.png,34,anonymous,2026-05-06 10:28:04
31_146.png,31,anonymous,2026-05-06 10:28:05
34_177.png,34,anonymous,2026-05-06 10:28:07
34_178.png,34,anonymous,2026-05-06 10:28:10
34_179.png,34,anonymous,2026-05-06 10:28:14
31_147.png,31,anonymous,2026-05-06 10:28:15
34_180.png,34,anonymous,2026-05-06 10:28:17
31_148.png,31,anonymous,2026-05-06 10:28:18
34_181.png,34,anonymous,2026-05-06 10:28:20
34_182.png,34,anonymous,2026-05-06 10:28:23
31_149.png,31,anonymous,2026-05-06 10:28:23
34_183.png,34,anonymous,2026-05-06 10:28:26
31_150.png,31,anonymous,2026-05-06 10:28:28
34_184.png,34,anonymous,2026-05-06 10:28:29
34_185.png,34,anonymous,2026-05-06 10:28:33
31_151.png,31,anonymous,2026-05-06 10:28:33
34_186.png,34,anonymous,2026-05-06 10:28:36
34_187.png,34,anonymous,2026-05-06 10:28:39
34_188.png,34,anonymous,2026-05-06 10:28:42
31_152.png,31,anonymous,2026-05-06 10:28:44
34_189.png,34,anonymous,2026-05-06 10:28:45
31_153.png,31,anonymous,2026-05-06 10:28:48
34_190.png,34,anonymous,2026-05-06 10:28:48
31_154.png,31,anonymous,2026-05-06 10:28:51
34_191.png,34,anonymous,2026-05-06 10:28:52
34_192.png,34,anonymous,2026-05-06 10:28:55
31_155.png,31,anonymous,2026-05-06 10:28:57
34_193.png,34,anonymous,2026-05-06 10:28:58
34_194.png,34,anonymous,2026-05-06 10:29:01
34_195.png,34,anonymous,2026-05-06 10:29:04
31_156.png,31,anonymous,2026-05-06 10:29:06
34_196.png,34,anonymous,2026-05-06 10:29:07
34_197.png,34,anonymous,2026-05-06 10:29:10
31_157.png,31,anonymous,2026-05-06 10:29:13
34_198.png,34,anonymous,2026-05-06 10:29:14
34_199.png,34,anonymous,2026-05-06 10:29:18
31_158.png,31,anonymous,2026-05-06 10:29:18
34_200.png,34,anonymous,2026-05-06 10:29:22
31_159.png,31,anonymous,2026-05-06 10:29:23
34_201.png,34,anonymous,2026-05-06 10:29:26
31_160.png,31,anonymous,2026-05-06 10:29:28
34_202.png,34,anonymous,2026-05-06 10:29:29
31_161.png,31,anonymous,2026-05-06 10:29:38
31_162.png,31,anonymous,2026-05-06 10:29:44
33_160.png,33,anonymous,2026-05-06 10:30:06
31_163.png,31,anonymous,2026-05-06 10:30:28
31_164.png,31,anonymous,2026-05-06 10:30:32
31_165.png,31,anonymous,2026-05-06 10:30:40
31_166.png,31,anonymous,2026-05-06 10:30:44
31_167.png,31,anonymous,2026-05-06 10:30:47
35_111.png,35,anonymous,2026-05-06 10:30:52
31_168.png,31,anonymous,2026-05-06 10:30:53
35_112.png,35,anonymous,2026-05-06 10:30:55
31_169.png,31,anonymous,2026-05-06 10:30:57
35_113.png,35,anonymous,2026-05-06 10:30:57
35_114.png,35,anonymous,2026-05-06 10:31:01
31_170.png,31,anonymous,2026-05-06 10:31:02
35_115.png,35,anonymous,2026-05-06 10:31:05
31_171.png,31,anonymous,2026-05-06 10:31:07
35_116.png,35,anonymous,2026-05-06 10:31:08
35_117.png,35,anonymous,2026-05-06 10:31:11
35_118.png,35,anonymous,2026-05-06 10:31:14
31_172.png,31,anonymous,2026-05-06 10:31:15
35_119.png,35,anonymous,2026-05-06 10:31:17
35_120.png,35,anonymous,2026-05-06 10:31:20
35_121.png,35,anonymous,2026-05-06 10:31:24
35_122.png,35,anonymous,2026-05-06 10:31:26
31_173.png,31,anonymous,2026-05-06 10:31:29
35_123.png,35,anonymous,2026-05-06 10:31:29
35_124.png,35,anonymous,2026-05-06 10:31:32
31_174.png,31,anonymous,2026-05-06 10:31:32
35_125.png,35,anonymous,2026-05-06 10:31:35
31_175.png,31,anonymous,2026-05-06 10:31:36
35_126.png,35,anonymous,2026-05-06 10:31:38
31_176.png,31,anonymous,2026-05-06 10:31:39
35_127.png,35,anonymous,2026-05-06 10:31:41
31_177.png,31,anonymous,2026-05-06 10:31:43
35_128.png,35,anonymous,2026-05-06 10:31:44
31_178.png,31,anonymous,2026-05-06 10:31:47
35_129.png,35,anonymous,2026-05-06 10:31:47
35_130.png,35,anonymous,2026-05-06 10:31:50
31_179.png,31,anonymous,2026-05-06 10:31:52
35_131.png,35,anonymous,2026-05-06 10:31:53
31_180.png,31,anonymous,2026-05-06 10:31:56
35_132.png,35,anonymous,2026-05-06 10:31:56
35_133.png,35,anonymous,2026-05-06 10:31:59
35_134.png,35,anonymous,2026-05-06 10:32:02
35_135.png,35,anonymous,2026-05-06 10:32:05
31_181.png,31,anonymous,2026-05-06 10:32:06
35_136.png,35,anonymous,2026-05-06 10:32:09
31_182.png,31,anonymous,2026-05-06 10:32:10
35_137.png,35,anonymous,2026-05-06 10:32:12
31_183.png,31,anonymous,2026-05-06 10:32:13
35_138.png,35,anonymous,2026-05-06 10:32:15
31_184.png,31,anonymous,2026-05-06 10:32:17
35_139.png,35,anonymous,2026-05-06 10:32:18
35_140.png,35,anonymous,2026-05-06 10:32:23
31_185.png,31,anonymous,2026-05-06 10:32:25
35_141.png,35,anonymous,2026-05-06 10:32:26
35_142.png,35,anonymous,2026-05-06 10:32:29
31_186.png,31,anonymous,2026-05-06 10:32:30
35_143.png,35,anonymous,2026-05-06 10:32:32
31_187.png,31,anonymous,2026-05-06 10:32:34
35_144.png,35,anonymous,2026-05-06 10:32:35
31_188.png,31,anonymous,2026-05-06 10:32:37
35_145.png,35,anonymous,2026-05-06 10:32:38
35_146.png,35,anonymous,2026-05-06 10:32:42
31_189.png,31,anonymous,2026-05-06 10:32:42
31_190.png,31,anonymous,2026-05-06 10:32:45
35_147.png,35,anonymous,2026-05-06 10:32:53
35_148.png,35,anonymous,2026-05-06 10:32:57
31_191.png,31,anonymous,2026-05-06 10:33:03
35_149.png,35,anonymous,2026-05-06 10:33:04
31_192.png,31,anonymous,2026-05-06 10:33:12
35_150.png,35,anonymous,2026-05-06 10:33:16
31_193.png,31,anonymous,2026-05-06 10:33:18
35_151.png,35,anonymous,2026-05-06 10:33:19
31_194.png,31,anonymous,2026-05-06 10:33:22
35_152.png,35,anonymous,2026-05-06 10:33:22
35_153.png,35,anonymous,2026-05-06 10:33:25
31_195.png,31,anonymous,2026-05-06 10:33:26
35_154.png,35,anonymous,2026-05-06 10:33:28
31_196.png,31,anonymous,2026-05-06 10:33:29
35_155.png,35,anonymous,2026-05-06 10:33:31
31_197.png,31,anonymous,2026-05-06 10:33:34
35_156.png,35,anonymous,2026-05-06 10:33:34
31_198.png,31,anonymous,2026-05-06 10:33:37
35_157.png,35,anonymous,2026-05-06 10:33:38
35_158.png,35,anonymous,2026-05-06 10:33:42
31_199.png,31,anonymous,2026-05-06 10:33:44
35_159.png,35,anonymous,2026-05-06 10:33:44
35_160.png,35,anonymous,2026-05-06 10:33:47
35_161.png,35,anonymous,2026-05-06 10:33:50
31_200.png,31,anonymous,2026-05-06 10:33:50
35_162.png,35,anonymous,2026-05-06 10:33:53
35_163.png,35,anonymous,2026-05-06 10:33:56
31_201.png,31,anonymous,2026-05-06 10:34:00
35_164.png,35,anonymous,2026-05-06 10:34:00
35_165.png,35,anonymous,2026-05-06 10:34:03
31_202.png,31,anonymous,2026-05-06 10:34:03
35_166.png,35,anonymous,2026-05-06 10:34:05
35_167.png,35,anonymous,2026-05-06 10:34:08
35_168.png,35,anonymous,2026-05-06 10:34:11
35_169.png,35,anonymous,2026-05-06 10:34:14
32_111.png,32,anonymous,2026-05-06 10:34:16
35_170.png,35,anonymous,2026-05-06 10:34:17
35_171.png,35,anonymous,2026-05-06 10:34:20
32_112.png,32,anonymous,2026-05-06 10:34:21
35_172.png,35,anonymous,2026-05-06 10:34:23
32_113.png,32,anonymous,2026-05-06 10:34:26
35_173.png,35,anonymous,2026-05-06 10:34:27
35_174.png,35,anonymous,2026-05-06 10:34:30
32_114.png,32,anonymous,2026-05-06 10:34:31
35_175.png,35,anonymous,2026-05-06 10:34:33
35_176.png,35,anonymous,2026-05-06 10:34:36
32_115.png,32,anonymous,2026-05-06 10:34:37
35_177.png,35,anonymous,2026-05-06 10:34:41
32_116.png,32,anonymous,2026-05-06 10:34:42
35_178.png,35,anonymous,2026-05-06 10:34:46
32_117.png,32,anonymous,2026-05-06 10:34:47
35_179.png,35,anonymous,2026-05-06 10:34:54
35_180.png,35,anonymous,2026-05-06 10:34:58
35_181.png,35,anonymous,2026-05-06 10:35:01
35_182.png,35,anonymous,2026-05-06 10:35:04
32_118.png,32,anonymous,2026-05-06 10:35:04
35_183.png,35,anonymous,2026-05-06 10:35:07
32_119.png,32,anonymous,2026-05-06 10:35:09
35_184.png,35,anonymous,2026-05-06 10:35:10
35_185.png,35,anonymous,2026-05-06 10:35:13
32_120.png,32,anonymous,2026-05-06 10:35:14
35_186.png,35,anonymous,2026-05-06 10:35:16
35_187.png,35,anonymous,2026-05-06 10:35:25
35_188.png,35,anonymous,2026-05-06 10:35:29
35_189.png,35,anonymous,2026-05-06 10:35:33
32_121.png,32,anonymous,2026-05-06 10:35:35
32_122.png,32,anonymous,2026-05-06 10:35:42
35_190.png,35,anonymous,2026-05-06 10:35:43
35_191.png,35,anonymous,2026-05-06 10:35:46
32_123.png,32,anonymous,2026-05-06 10:35:47
35_192.png,35,anonymous,2026-05-06 10:35:50
32_124.png,32,anonymous,2026-05-06 10:35:52
35_193.png,35,anonymous,2026-05-06 10:35:53
35_194.png,35,anonymous,2026-05-06 10:35:57
32_125.png,32,anonymous,2026-05-06 10:35:58
35_195.png,35,anonymous,2026-05-06 10:36:01
32_126.png,32,anonymous,2026-05-06 10:36:04
35_196.png,35,anonymous,2026-05-06 10:36:05
32_127.png,32,anonymous,2026-05-06 10:36:09
35_197.png,35,anonymous,2026-05-06 10:36:10
32_128.png,32,anonymous,2026-05-06 10:36:15
35_198.png,35,anonymous,2026-05-06 10:36:16
35_199.png,35,anonymous,2026-05-06 10:36:19
32_129.png,32,anonymous,2026-05-06 10:36:20
35_200.png,35,anonymous,2026-05-06 10:36:22
32_130.png,32,anonymous,2026-05-06 10:36:25
32_131.png,32,anonymous,2026-05-06 10:36:41
32_132.png,32,anonymous,2026-05-06 10:36:46
32_133.png,32,anonymous,2026-05-06 10:36:51
32_134.png,32,anonymous,2026-05-06 10:36:58
32_135.png,32,anonymous,2026-05-06 10:37:04
32_136.png,32,anonymous,2026-05-06 10:37:29
35_201.png,35,anonymous,2026-05-06 10:38:03
35_202.png,35,anonymous,2026-05-06 10:38:11
32_137.png,32,Jay,2026-05-06 10:42:31
32_138.png,32,Jay,2026-05-06 10:42:39
32_139.png,32,Jay,2026-05-06 10:42:48
32_140.png,32,Jay,2026-05-06 10:42:53
32_141.png,32,Jay,2026-05-06 10:43:02
32_142.png,32,Jay,2026-05-06 10:43:22
32_143.png,32,Jay,2026-05-06 10:43:26
32_144.png,32,Jay,2026-05-06 10:43:33
32_145.png,32,Jay,2026-05-06 10:43:40
32_146.png,32,Jay,2026-05-06 10:43:51
32_147.png,32,Jay,2026-05-06 10:44:03
32_148.png,32,Jay,2026-05-06 10:44:07
32_149.png,32,Jay,2026-05-06 10:44:11
32_150.png,32,Jay,2026-05-06 10:44:16
32_151.png,32,Jay,2026-05-06 10:44:19
32_152.png,32,Jay,2026-05-06 10:44:23
32_153.png,32,Jay,2026-05-06 10:44:31
32_154.png,32,Jay,2026-05-06 10:44:37
32_155.png,32,Jay,2026-05-06 10:44:45
32_156.png,32,Jay,2026-05-06 10:44:50
32_157.png,32,Jay,2026-05-06 10:44:55
32_158.png,32,Jay,2026-05-06 10:44:58
32_159.png,32,Jay,2026-05-06 10:45:10
32_160.png,32,Jay,2026-05-06 10:45:14
32_161.png,32,Jay,2026-05-06 10:45:18
32_162.png,32,Jay,2026-05-06 10:45:23
32_163.png,32,Jay,2026-05-06 10:45:27
32_164.png,32,Jay,2026-05-06 10:45:30
32_165.png,32,Jay,2026-05-06 10:45:34
32_166.png,32,Jay,2026-05-06 10:45:37
32_167.png,32,Jay,2026-05-06 10:45:42
32_168.png,32,Jay,2026-05-06 10:45:46
32_169.png,32,Jay,2026-05-06 10:45:50
32_170.png,32,Jay,2026-05-06 10:45:57
32_171.png,32,Jay,2026-05-06 10:46:05
32_172.png,32,Jay,2026-05-06 10:46:09
32_173.png,32,Jay,2026-05-06 10:46:19
32_174.png,32,Jay,2026-05-06 10:46:30
32_175.png,32,Jay,2026-05-06 10:46:38
32_176.png,32,Jay,2026-05-06 10:46:44
32_177.png,32,Jay,2026-05-06 10:46:52
32_178.png,32,Jay,2026-05-06 10:46:58
32_179.png,32,Jay,2026-05-06 10:47:09
32_180.png,32,Jay,2026-05-06 10:48:07
32_181.png,32,Jay,2026-05-06 10:48:11
32_182.png,32,Jay,2026-05-06 10:48:16
32_183.png,32,Jay,2026-05-06 10:48:21
32_184.png,32,Jay,2026-05-06 10:48:26
32_185.png,32,Jay,2026-05-06 10:48:30
32_186.png,32,Jay,2026-05-06 10:48:34
32_187.png,32,Jay,2026-05-06 10:48:40
32_188.png,32,Jay,2026-05-06 10:48:48
32_189.png,32,Jay,2026-05-06 10:48:56
32_190.png,32,Jay,2026-05-06 10:49:13
32_191.png,32,Jay,2026-05-06 10:49:23
32_192.png,32,Jay,2026-05-06 10:49:28
32_193.png,32,Jay,2026-05-06 10:49:36
32_194.png,32,Jay,2026-05-06 10:49:42
32_195.png,32,Jay,2026-05-06 10:51:00
32_196.png,32,Jay,2026-05-06 10:51:08
32_197.png,32,Jay,2026-05-06 10:51:17
32_198.png,32,Jay,2026-05-06 10:51:20
32_199.png,32,Jay,2026-05-06 10:51:25
32_200.png,32,Jay,2026-05-06 10:51:33
32_201.png,32,Jay,2026-05-06 10:51:38
32_202.png,32,Jay,2026-05-06 10:51:42
33_161.png,33,Jay,2026-05-06 10:52:11
33_162.png,33,Jay,2026-05-06 10:52:15
33_163.png,33,Jay,2026-05-06 10:52:21
33_164.png,33,Jay,2026-05-06 10:52:25
33_165.png,33,Jay,2026-05-06 10:52:49
33_166.png,33,Jay,2026-05-06 10:52:53
33_167.png,33,Jay,2026-05-06 10:53:00
33_168.png,33,Jay,2026-05-06 10:53:10
33_169.png,33,Jay,2026-05-06 10:53:18
33_170.png,33,Jay,2026-05-06 10:53:21
33_171.png,33,Jay,2026-05-06 10:53:31
33_172.png,33,Jay,2026-05-06 10:54:34
33_173.png,33,Jay,2026-05-06 10:54:43
33_174.png,33,Jay,2026-05-06 10:54:50
33_175.png,33,Jay,2026-05-06 10:54:58
33_176.png,33,Jay,2026-05-06 10:55:02
33_177.png,33,Jay,2026-05-06 10:55:05
33_178.png,33,Jay,2026-05-06 10:55:09
33_179.png,33,Jay,2026-05-06 10:55:13
33_180.png,33,Jay,2026-05-06 10:55:34
33_181.png,33,Jay,2026-05-06 10:55:45
33_182.png,33,Jay,2026-05-06 10:56:44
33_183.png,33,Jay,2026-05-06 10:56:50
33_184.png,33,Jay,2026-05-06 10:57:25
33_185.png,33,Jay,2026-05-06 10:58:32
33_186.png,33,Jay,2026-05-06 10:58:36
33_187.png,33,Jay,2026-05-06 10:58:40
33_188.png,33,Jay,2026-05-06 11:02:38
33_189.png,33,Jay,2026-05-06 11:02:43
33_190.png,33,Jay,2026-05-06 11:02:48
33_191.png,33,Jay,2026-05-06 11:02:55
33_192.png,33,Jay,2026-05-06 11:03:00
33_193.png,33,Jay,2026-05-06 11:03:03
33_194.png,33,anonymous,2026-05-06 11:03:10
33_195.png,33,Jay,2026-05-06 11:03:15
33_196.png,33,anonymous,2026-05-06 11:03:17
33_197.png,33,Jay,2026-05-06 11:03:20
33_198.png,33,anonymous,2026-05-06 11:03:23
33_199.png,33,Jay,2026-05-06 11:03:29
33_200.png,33,Jay,2026-05-06 11:03:32
33_201.png,33,Jay,2026-05-06 11:03:37
33_202.png,33,Jay,2026-05-06 11:03:39
33_203.png,33,anonymous,2026-05-06 11:04:11
31_203.png,31,anonymous,2026-05-06 11:06:23
32_203.png,32,anonymous,2026-05-06 11:06:37
34_203.png,34,anonymous,2026-05-06 11:06:50
35_203.png,35,anonymous,2026-05-06 11:07:05
31_204.png,31,B,2026-05-06 14:54:07
32_204.png,32,B,2026-05-06 14:54:47
32_205.png,32,B,2026-05-06 14:55:08
34_204.png,34,B,2026-05-06 14:55:17
35_204.png,35,B,2026-05-06 14:55:26
33_204.png,33,B,2026-05-06 14:55:31
31_205.png,31,anonymous,2026-05-07 01:46:09
33_205.png,33,anonymous,2026-05-07 01:46:20
34_205.png,34,anonymous,2026-05-07 01:46:33
35_205.png,35,anonymous,2026-05-07 01:46:44
31_206.png,31,anonymous,2026-05-07 09:00:55
31_207.png,31,anonymous,2026-05-07 09:01:03
31_208.png,31,anonymous,2026-05-07 09:01:07
31_209.png,31,anonymous,2026-05-07 09:01:11
31_210.png,31,anonymous,2026-05-07 09:01:15
31_211.png,31,anonymous,2026-05-07 09:01:19
31_212.png,31,anonymous,2026-05-07 09:01:23
31_213.png,31,anonymous,2026-05-07 09:01:27
31_214.png,31,anonymous,2026-05-07 09:01:30
31_215.png,31,anonymous,2026-05-07 09:01:34
31_216.png,31,anonymous,2026-05-07 09:01:38
31_217.png,31,anonymous,2026-05-07 09:01:42
31_218.png,31,anonymous,2026-05-07 09:03:35
31_219.png,31,anonymous,2026-05-07 09:03:39
31_220.png,31,anonymous,2026-05-07 09:03:42
31_221.png,31,anonymous,2026-05-07 09:03:45
31_222.png,31,anonymous,2026-05-07 09:03:51
31_223.png,31,anonymous,2026-05-07 09:03:54
31_224.png,31,anonymous,2026-05-07 09:03:57
31_225.png,31,anonymous,2026-05-07 09:04:00
31_226.png,31,anonymous,2026-05-07 09:04:03
31_227.png,31,anonymous,2026-05-07 09:04:08
31_228.png,31,anonymous,2026-05-07 09:04:13
31_229.png,31,anonymous,2026-05-07 09:04:37
31_230.png,31,anonymous,2026-05-07 09:04:52
31_231.png,31,anonymous,2026-05-07 09:04:59
31_232.png,31,anonymous,2026-05-07 09:05:06
31_233.png,31,anonymous,2026-05-07 09:05:09
31_234.png,31,anonymous,2026-05-07 09:05:12
31_235.png,31,anonymous,2026-05-07 09:05:16
31_236.png,31,anonymous,2026-05-07 09:05:19
31_237.png,31,anonymous,2026-05-07 09:05:45
31_238.png,31,anonymous,2026-05-07 09:05:48
31_239.png,31,anonymous,2026-05-07 09:05:52
31_240.png,31,anonymous,2026-05-07 09:05:58
31_241.png,31,anonymous,2026-05-07 09:06:01
31_242.png,31,anonymous,2026-05-07 09:06:06
31_243.png,31,anonymous,2026-05-07 09:06:09
31_244.png,31,anonymous,2026-05-07 09:06:21
31_245.png,31,anonymous,2026-05-07 09:06:34
31_246.png,31,anonymous,2026-05-07 09:06:39
31_247.png,31,anonymous,2026-05-07 09:06:43
31_248.png,31,anonymous,2026-05-07 09:06:47
31_249.png,31,anonymous,2026-05-07 09:06:50
31_250.png,31,anonymous,2026-05-07 09:06:53
32_206.png,32,anonymous,2026-05-07 09:06:59
32_207.png,32,anonymous,2026-05-07 09:07:04
32_208.png,32,anonymous,2026-05-07 09:07:08
32_209.png,32,anonymous,2026-05-07 09:07:12
32_210.png,32,anonymous,2026-05-07 09:07:20
32_211.png,32,anonymous,2026-05-07 09:07:24
32_212.png,32,anonymous,2026-05-07 09:07:31
32_213.png,32,anonymous,2026-05-07 09:07:36
32_214.png,32,anonymous,2026-05-07 09:07:40
32_215.png,32,anonymous,2026-05-07 09:07:44
32_216.png,32,anonymous,2026-05-07 09:07:48
32_217.png,32,anonymous,2026-05-07 09:07:52
32_218.png,32,anonymous,2026-05-07 09:07:58
32_219.png,32,anonymous,2026-05-07 09:08:02
32_220.png,32,anonymous,2026-05-07 09:08:06
32_221.png,32,anonymous,2026-05-07 09:08:10
32_222.png,32,anonymous,2026-05-07 09:08:13
32_223.png,32,anonymous,2026-05-07 09:08:17
32_224.png,32,anonymous,2026-05-07 09:08:21
32_225.png,32,anonymous,2026-05-07 09:08:31
32_226.png,32,anonymous,2026-05-07 09:08:34
32_227.png,32,anonymous,2026-05-07 09:08:38
32_228.png,32,anonymous,2026-05-07 09:08:42
32_229.png,32,anonymous,2026-05-07 09:08:46
32_230.png,32,anonymous,2026-05-07 09:08:50
32_231.png,32,anonymous,2026-05-07 09:08:54
32_232.png,32,anonymous,2026-05-07 09:08:57
32_233.png,32,anonymous,2026-05-07 09:09:02
32_234.png,32,anonymous,2026-05-07 09:09:06
32_235.png,32,anonymous,2026-05-07 09:09:10
32_236.png,32,anonymous,2026-05-07 09:09:13
32_237.png,32,anonymous,2026-05-07 09:09:17
32_238.png,32,anonymous,2026-05-07 09:09:21
32_239.png,32,anonymous,2026-05-07 09:09:25
32_240.png,32,anonymous,2026-05-07 09:09:29
32_241.png,32,anonymous,2026-05-07 09:09:33
32_242.png,32,anonymous,2026-05-07 09:09:37
32_243.png,32,anonymous,2026-05-07 09:09:41
32_244.png,32,anonymous,2026-05-07 09:09:44
32_245.png,32,anonymous,2026-05-07 09:09:48
32_246.png,32,anonymous,2026-05-07 09:09:52
32_247.png,32,anonymous,2026-05-07 09:09:57
32_248.png,32,anonymous,2026-05-07 09:10:01
32_249.png,32,anonymous,2026-05-07 09:10:04
32_250.png,32,anonymous,2026-05-07 09:10:08
33_206.png,33,anonymous,2026-05-07 09:10:16
33_207.png,33,anonymous,2026-05-07 09:10:20
33_208.png,33,anonymous,2026-05-07 09:10:24
33_209.png,33,anonymous,2026-05-07 09:10:27
33_210.png,33,anonymous,2026-05-07 09:10:31
33_211.png,33,anonymous,2026-05-07 09:10:35
33_212.png,33,anonymous,2026-05-07 09:10:39
33_213.png,33,anonymous,2026-05-07 09:10:43
33_214.png,33,anonymous,2026-05-07 09:10:47
33_215.png,33,anonymous,2026-05-07 09:10:50
33_216.png,33,anonymous,2026-05-07 09:10:54
33_217.png,33,anonymous,2026-05-07 09:10:57
33_218.png,33,anonymous,2026-05-07 09:11:01
33_219.png,33,anonymous,2026-05-07 09:11:05
33_220.png,33,anonymous,2026-05-07 09:11:08
33_221.png,33,anonymous,2026-05-07 09:11:13
33_222.png,33,anonymous,2026-05-07 09:11:16
33_223.png,33,anonymous,2026-05-07 09:11:20
33_224.png,33,anonymous,2026-05-07 09:11:24
33_225.png,33,anonymous,2026-05-07 09:11:27
33_226.png,33,anonymous,2026-05-07 09:11:31
33_227.png,33,anonymous,2026-05-07 09:11:36
33_228.png,33,anonymous,2026-05-07 09:11:39
33_229.png,33,anonymous,2026-05-07 09:11:44
33_230.png,33,anonymous,2026-05-07 09:11:48
33_231.png,33,anonymous,2026-05-07 09:11:51
33_232.png,33,anonymous,2026-05-07 09:11:55
33_233.png,33,anonymous,2026-05-07 09:11:59
33_234.png,33,anonymous,2026-05-07 09:12:03
33_235.png,33,anonymous,2026-05-07 09:12:07
33_236.png,33,anonymous,2026-05-07 09:12:10
33_237.png,33,anonymous,2026-05-07 09:12:14
33_238.png,33,anonymous,2026-05-07 09:12:17
33_239.png,33,anonymous,2026-05-07 09:12:22
33_240.png,33,anonymous,2026-05-07 09:12:26
33_241.png,33,anonymous,2026-05-07 09:12:31
33_242.png,33,anonymous,2026-05-07 09:12:35
33_243.png,33,anonymous,2026-05-07 09:12:39
33_244.png,33,anonymous,2026-05-07 09:12:43
33_245.png,33,anonymous,2026-05-07 09:12:46
33_246.png,33,anonymous,2026-05-07 09:12:50
33_247.png,33,anonymous,2026-05-07 09:12:53
33_248.png,33,anonymous,2026-05-07 09:12:58
33_249.png,33,anonymous,2026-05-07 09:13:02
33_250.png,33,anonymous,2026-05-07 09:13:07
34_206.png,34,anonymous,2026-05-07 09:13:15
34_207.png,34,anonymous,2026-05-07 09:13:19
34_208.png,34,anonymous,2026-05-07 09:13:22
34_209.png,34,anonymous,2026-05-07 09:13:26
34_210.png,34,anonymous,2026-05-07 09:13:29
34_211.png,34,anonymous,2026-05-07 09:13:33
34_212.png,34,anonymous,2026-05-07 09:13:37
34_213.png,34,anonymous,2026-05-07 09:13:40
34_214.png,34,anonymous,2026-05-07 09:13:45
34_215.png,34,anonymous,2026-05-07 09:13:48
34_216.png,34,anonymous,2026-05-07 09:13:52
34_217.png,34,anonymous,2026-05-07 09:13:57
34_218.png,34,anonymous,2026-05-07 09:14:00
34_219.png,34,anonymous,2026-05-07 09:14:04
34_220.png,34,anonymous,2026-05-07 09:14:07
34_221.png,34,anonymous,2026-05-07 09:14:11
34_222.png,34,anonymous,2026-05-07 09:14:14
34_223.png,34,anonymous,2026-05-07 09:14:18
34_224.png,34,anonymous,2026-05-07 09:14:22
34_225.png,34,anonymous,2026-05-07 09:14:25
34_226.png,34,anonymous,2026-05-07 09:14:29
34_227.png,34,anonymous,2026-05-07 09:14:33
34_228.png,34,anonymous,2026-05-07 09:14:37
34_229.png,34,anonymous,2026-05-07 09:14:40
34_230.png,34,anonymous,2026-05-07 09:14:47
34_231.png,34,anonymous,2026-05-07 09:14:58
34_232.png,34,anonymous,2026-05-07 09:15:02
34_233.png,34,anonymous,2026-05-07 09:15:06
34_234.png,34,anonymous,2026-05-07 09:15:09
34_235.png,34,anonymous,2026-05-07 09:15:13
34_236.png,34,anonymous,2026-05-07 09:15:17
34_237.png,34,anonymous,2026-05-07 09:15:20
34_238.png,34,anonymous,2026-05-07 09:15:26
34_239.png,34,anonymous,2026-05-07 09:15:29
34_240.png,34,anonymous,2026-05-07 09:15:33
34_241.png,34,anonymous,2026-05-07 09:15:36
34_242.png,34,anonymous,2026-05-07 09:15:39
34_243.png,34,anonymous,2026-05-07 09:15:43
34_244.png,34,anonymous,2026-05-07 09:15:46
34_245.png,34,anonymous,2026-05-07 09:15:50
34_246.png,34,anonymous,2026-05-07 09:15:54
34_247.png,34,anonymous,2026-05-07 09:17:30
34_248.png,34,anonymous,2026-05-07 09:17:35
34_249.png,34,anonymous,2026-05-07 09:17:38
34_250.png,34,anonymous,2026-05-07 09:17:41
35_206.png,35,anonymous,2026-05-07 09:17:48
35_207.png,35,anonymous,2026-05-07 09:17:51
35_208.png,35,anonymous,2026-05-07 09:17:55
35_209.png,35,anonymous,2026-05-07 09:17:59
35_210.png,35,anonymous,2026-05-07 09:18:02
35_211.png,35,anonymous,2026-05-07 09:18:05
35_212.png,35,anonymous,2026-05-07 09:18:08
35_213.png,35,anonymous,2026-05-07 09:18:13
35_214.png,35,anonymous,2026-05-07 09:18:17
35_215.png,35,anonymous,2026-05-07 09:18:21
35_216.png,35,anonymous,2026-05-07 09:18:25
35_217.png,35,anonymous,2026-05-07 09:18:28
35_218.png,35,anonymous,2026-05-07 09:18:32
35_219.png,35,anonymous,2026-05-07 09:18:35
35_220.png,35,anonymous,2026-05-07 09:18:38
35_221.png,35,anonymous,2026-05-07 09:18:42
35_222.png,35,anonymous,2026-05-07 09:18:46
35_223.png,35,anonymous,2026-05-07 09:18:49
35_224.png,35,anonymous,2026-05-07 09:18:52
35_225.png,35,anonymous,2026-05-07 09:18:56
35_226.png,35,anonymous,2026-05-07 09:18:59
35_227.png,35,anonymous,2026-05-07 09:19:02
35_228.png,35,anonymous,2026-05-07 09:19:05
35_229.png,35,anonymous,2026-05-07 09:19:09
35_230.png,35,anonymous,2026-05-07 09:19:12
35_231.png,35,anonymous,2026-05-07 09:19:15
35_232.png,35,anonymous,2026-05-07 09:19:21
35_233.png,35,anonymous,2026-05-07 09:19:25
35_234.png,35,anonymous,2026-05-07 09:19:29
35_235.png,35,anonymous,2026-05-07 09:19:32
35_236.png,35,anonymous,2026-05-07 09:19:36
35_237.png,35,anonymous,2026-05-07 09:19:40
35_238.png,35,anonymous,2026-05-07 09:19:45
35_239.png,35,anonymous,2026-05-07 09:19:48
35_240.png,35,anonymous,2026-05-07 09:19:52
35_241.png,35,anonymous,2026-05-07 09:19:56
35_242.png,35,anonymous,2026-05-07 09:20:00
35_243.png,35,anonymous,2026-05-07 09:20:04
35_244.png,35,anonymous,2026-05-07 09:20:07
35_245.png,35,anonymous,2026-05-07 09:20:11
35_246.png,35,anonymous,2026-05-07 09:20:14
35_247.png,35,anonymous,2026-05-07 09:20:18
35_248.png,35,anonymous,2026-05-07 09:20:22
35_249.png,35,anonymous,2026-05-07 09:20:26
35_250.png,35,anonymous,2026-05-07 09:20:29
